Reference,Entered by,Checked by,Animal,Animal sub,Treatment 1,Treatment 2,Detailed description,Country,Season/rain,Storage description,Laboratory ,Storage material,Scale,TAN concentration,TN concentration,Dry matter concentration,pH,Air temp,Slurry temp,Wind speed,Emission from uncovered slurry,Emission units,Measurement method,Measurement method description,Notes 1,Notes 2,Notes 3
,initials,initials,,,,,,,,Lagoon or tank ,,,"Full scale = Large stores
Pilot scale > 500 Ltr
Lboratory scale < 500",kg/m3,kg/m3,%,,deg. C,deg. C,m/s,,,,,,,
ref,init.ent,init.check,source,source.sub,trt1,trt2,descrip,country,season,stor.type1,stor.type2,stor.mat,stor.scale,c.TAN,c.TN,DM,pH,air.temp,slurry.temp,wind,flux,units,meas.tech,meas.descrip,notes1,notes2,notes3
Sommer et al. 1993,SGS,TV,Cattle,,,,Slurry,Denmark,Dec-June,Tank,Walled,Concrete,Pilot,2.5,5.2,5.9,7.5,7.0,nd,3.3,3.5,g NH3 m-2 d-1,Wind tunnel,Wind tunnel Pilot scale,,,
Sommer et al. 1993,SGS,TV,Cattle,,,,Slurry,Denmark,July-Sept,Tank,Walled,Concrete,Pilot,2.6,4.1,5.9,7.7,17.0,18.0,3.5,5.2,g NH3 m-2 d-1,Wind tunnel,Wind tunnel Pilot scale,,,
Baral et al. 2018,SGS,JL,Cattle,,,,Slurry,Denmark,Summer-Winter,Tank,Walled,PVC,Pilot,,,,,nd,nd,,0.4,g NH3 m-2 d-1,Wind tunnel,Wind tunnel Pilot scale,JL added factor 17/14,,
Baral et al. 2018,SGS,JL,Cattle,,,,Slurry,Denmark,Autumn,Tank,Walled,PVC,Pilot,,,,,nd,nd,,0.6,g NH3 m-2 d-1,Wind tunnel,Wind tunnel Pilot scale,JL added factor 17/14,,
Karlsson 1996,SGS,JL,Cattle,,,,Slurry,Sweden,"
",Tank,Walled,Concrete,Pilot,2.2,3.8,9.2,8.5,nd,nd,,1.5,g NH3 m-2 d-1,Micromet,Micromet mass-balance,JL replaced factor 365/1000 with 17/14,,
De Bode 1991,SGS,JL,Cattle,,,,Slurry,Netherlands,Winter,Tank,Walled,Concrete,Pilot,2.5,5.2,9.2,7.6,nd,nd,1.0,1.1,kg NH3 m-2 y-1,Wind tunnel,Wind tunnel Pilot scale,TV could not access original doc,JL changed factor 360 to 365,
De Bode 1991,SGS,JL,Cattle,,,,Slurry,Netherlands,Winter,Tank,Walled,Concrete,Pilot,2.5,5.2,9.2,7.6,nd,nd,1.0,1.1,kg NH3 m-2 y-1,Wind tunnel,Wind tunnel pilot scale,TV could not access original doc,"Duplicate row (of previous), should be removed!",
de Bode 1991,SGS,JL,Cattle,,,,Slurry,Netherlands,Summer,Tank,Walled,Concrete,Pilot,3.2,5.0,8.1,7.4,nd,nd,1.0,2.6,kg NH3 m-2 y-1,Wind tunnel,Wind tunnel pilot scale,TV could not access original doc,JL changed factor 360 to 365,
Balsari et al. 2007,SGS,JL,Cattle,Dairy,,,Slurry,Italy,Oct,Tank,Walled,Concrete,Full (480 m^3),1.1,3.9,10.3,7.1,7,5.5,,1.2,g NH3 m-2 d-1,Dynamic chamber,Small dynamic chamber,,,
Balsari et al. 2007,SGS,JL,Cattle,Dairy,,,Slurry,Italy,Feb,Tank,Walled,Concrete,Full (480 m^3),1.2,3.7,9.6,7.6,3.5,4.7,,1.0,g NH3 m-2 d-1,Dynamic chamber,Small dynamic chamber,,,
Balsari et al. 2007,SGS,JL,Cattle,Dairy,,,Slurry,Italy,May,Tank,Walled,Concrete,Full (480 m^3),1.0,4.3,9.2,7.9,17.6,16.2,,1.3,g NH3 m-2 d-1,Dynamic chamber,Small dynamic chamber,,,
Balsari et al. 2007,SGS,JL,Cattle,Dairy,,,Slurry,Italy,July,Tank,Walled,Concrete,Full (480 m^3),1.3,4.2,9.0,7.9,27,24.3,,1.7,g NH3 m-2 d-1,Dynamic chamber,Small dynamic chamber,,,
Xue et al. 1999,SGS,,Cattle,Dairy,,,Slurry,USA,Indoor,Tank,,PVC,Laboratory,0.6,,,7.0,25.0,25,,0.5,g NH3 m-2 d-1,Dynamic chamber,Small dynamic chamber,,,
VanderZaag et al. 2009,SGS,,Cattle,Dairy,,,Slurry,Canada,June,Tank,Walled,Concrete,Pilot,1.0,2.5,1.8,6.8,18.0,17.0,,1.8,g NH3 m-2 d-1,Wind tunnel,Wind tunnel Pilot scale,,,
VanderZaag et al. 2009,SGS,,Cattle,Dairy,,,Slurry,Canada,July,Tank,Walled,Concrete,Pilot,1.0,2.5,1.8,6.8,24.0,22.0,,1.7,g NH3 m-2 d-1,Wind tunnel,Wind tunnel Pilot scale,,,
VanderZaag et al. 2009,SGS,,Cattle,Dairy,,,Slurry,Canada,August,Tank,Walled,Concrete,Pilot,1.0,2.5,1.8,6.8,16.0,16.0,,0.6,g NH3 m-2 d-1,Wind tunnel,Wind tunnel Pilot scale,,,
VanderZaag et al. 2009,SGS,,Cattle,Dairy,,,Slurry,Canada,September,Tank,Walled,Concrete,Pilot,1.0,2.5,1.8,6.8,15.0,15.0,,0.1,g NH3 m-2 d-1,Wind tunnel,Wind tunnel Pilot scale,,,
VanderZaag et al. 2009,SGS,,Cattle,Dairy,,,Slurry,Canada,October,Tank,Walled,Concrete,Pilot,1.0,2.5,1.8,6.8,10.0,12.0,,0.7,g NH3 m-2 d-1,Wind tunnel,Wind tunnel Pilot scale,,,
Baldé et al. 2018,SGS,,Cattle,Dairy,Separation,,Liquid fraction,Canada,Full year,Tank,,,Full,0.944,1.900,4.000,7.1,15.0,nd,,1.600,Kg NH3 m-2 y-1,Micromet,Micromet,Annual a very average temp. Is assumed by SGSommer,,
Sommer et al. 2017,SGS,,Cattle,Dairy,,,Slurry,New Zealand,,Tank,Laboratory scale,,Laboratory,0.024,,0.2,7.2,17.5,16.0,,0.2,g NH3 m-2 d-1,Wind tunnel,"Pilot scale wind tunnel, 100 Ltr containers",,,
Smith et al. 2007,SGS,,Cattle,Dairy,,,Slurry,England,Annual,Tank,Walled,Steel,Pilot,,,,,,nd,,4.3,g NH3 m-2 d-1,Dynamic chamber,Dynamic chamber full scale,,,
Sommer et al. 1993,SGS,TV,Pig,,,,Slurry,Denmark,Sept-Dec,Tank,Walled,Concrete,Pilot,4.1,5.8,4.6,7.3,7.0,10.0,4.4,3.9,g NH3 m-2 d-1,Wind tunnel,Wind tunnel Pilot scale,TV added 'pilot scale' as per cattle slurry expts in same paper,,
Sommer et al. 1993,SGS,TV,Pig,,,,Slurry,Denmark,Febr-June,Tank,Walled,Concrete,Pilot,4.2,6.1,7.4,7.4,6.0,7.0,4.0,4.6,g NH3 m-2 d-1,Wind tunnel,Wind tunnel Pilot scale,TV added 'pilot scale' as per cattle slurry expts in same paper,,
Petersen et al. 2013,SGS,,Pig,,,,Slurry,Denmark,Winter,Tank,Walled,PVC,Pilot,2.4,3.5,3.0,7.5,2.5,nd,,0.9,g NH3 m-2 d-1,Wind tunnel,Wind tunnel - pilot scale,,Start charactyerisation used,
Petersen et al. 2013,SGS,,Pig,,,,Slurry,Denmark,Winter+rain,Tank,Walled,PVC,Pilot,2.0,3.1,3.5,7.4,2.5,nd,,0.5,g NH3 m-2 d-1,Wind tunnel,Wind tunnel - pilot scale,,Start charactyerisation used,
Petersen et al. 2013,SGS,,Pig,,,,Slurry,Denmark,Summer,Tank,Walled,PVC,Pilot,4.2,6.2,7.4,7.2,15.0,nd,,3.1,g NH3 m-2 d-1,Wind tunnel,Wind tunnel - pilot scale,,Start charactyerisation used,
Petersen et al. 2013,SGS,,Pig,,,,Slurry,Denmark,Summer+rain,Tank,Walled,PVC,Pilot,4.3,6.3,8.5,7.2,15.0,nd,,2.0,g NH3 m-2 d-1,Wind tunnel,Wind tunnel - pilot scale,,Start charactyerisation used,
Petersen et al. 2014,SGS,,Pig,,,,Slurry,Denmark,Summer+rain,Tank,Walled,PVC,Pilot,,,40.1,7.9,14.8,16.0,,8.6,g NH3 m-2,Wind tunnel,Wind tunnel - pilot scale,,,
Petersen et al. 2014,SGS,,Pig,,,,Slurry,Denmark,Summer+rain,Tank,Walled,PVC,Pilot,,,30.7,7.5,14.8,16.0,,6.1,g NH3 m-2,Wind tunnel,Wind tunnel - pilot scale,,,
Baral et al. 2018,SGS,JL,Pig,,,,Slurry,Denmark,Summer-Winter,Tank,Walled,PVC,Pilot,,,,,nd,nd,,3.1,g NH3 m-2 d-1,Wind tunnel,Wind tunnel Pilot scale,JL added factor 17/14,,
Baral et al. 2018,SGS,JL,Pig,,,,Slurry,Denmark,Autumn,Tank,Walled,PVC,Pilot,,,,,nd,nd,,0.2,g NH3 m-2 d-1,Wind tunnel,Wind tunnel Pilot scale,JL added factor 17/14,,
Karlsson 1996,SGS,JL,Pig,,,,Slurry,Sweden,,Tank,Walled,,Pilot,4.4,5.9,6.2,8.0,-3.4 to +3.3,nd,,1.0,g NH3 m-2 d-1,Micromet,Micromet mass-balance,JL replaced factor 365/1000 with 17/14,,
De Bode 1991,SGS,JL,Pig,,,,Slurry,Netherland,Summer,Tank,Walled,Concrete,Pilot,3.0,4.7,4.2,nd,nd,nd,1.0,5.3,kg NH3 m-2 y-1,,Wind tunnel Pilot scale,JL changed factor 360 to 365,,No mentioning of slurry composition 
De Bode 1991,SGS,JL,Pig,,,,Slurry,Netherland,Winter,Tank,Walled,Concrete,Pilot,3.5,4.9,6.8,7.7,nd,nd,1.0,1.8,kg NH3 m-2 y-1,,Wind tunnel Pilot scale,JL changed factor 360 to 365,,
Balsari et al. 2007,SGS,JL,Pig,,,,Slurry,Italy,Sep,Tank ,Walled,Concrete,Full (314 m^3),1.2,3.5,3.7,7.8,14.2,15.1,,1.6,g NH3 m-2 d-1,Dynamic chamber,Small dynamic chamber,,,
Balsari et al. 2007,SGS,JL,Pig,,,,Slurry,Italy,Jan,Tank ,Walled,Concrete,Full (314 m^3),1.1,3.6,3.9,7.7,6.3,6.0,,0.8,g NH3 m-2 d-1,Dynamic chamber,Small dynamic chamber,,,
Balsari et al. 2007,SGS,JL,Pig,,,,Slurry,Italy,May,Tank,Walled,Concrete,Full (314 m^3),1.1,3.6,4.1,7.4,14.0,15.6,,1.5,g NH3 m-2 d-1,Dynamic chamber,Small dynamic chamber,,,
Balsari et al. 2007,SGS,JL,Pig,,,,Slurry,Italy,June,Tank,Walled,Concrete,Full (314 m^3),1.4,3.3,3.8,7.7,24.8,25.5,,2.5,g NH3 m-2 d-1,Dynamic chamber,Small dynamic chamber,,,
Balsari et al. 2007,SGS,JL,Pig,,,,Slurry,Italy,June,Tank,Walled,Concrete,Full (314 m^3),1.4,3.3,3.8,7.7,24.8,25.5,,10.5,g NH3 m-2 d-1,Wind tunnel,Wind tunnel,,,
Loyon et al. 2007,SGS,JL,Pig,,,,Slurry,France,Autumn,Tank,ND,ND,Full,3.2,4.800,4.570,7.8,8.0,nd,,0.5,g NH3-N m-2 d-1,Dynamic chamber,Dynamic chamber,JL changed method,,
Loyon et al. 2007,SGS,JL,Pig,,,,Slurry,France,Summer,Tank,,,Full,2.8,4.100,4.520,7.8,23.0,nd,,3.5,g NH3-N m-2 d-1,Dynamic chamber,Dynamic chamber,JL changed method,,
Grant and Boehm 2018,SGS,JL,Pig,,,,Slurry,USA,Winter,Tank,Walled,Concrete,Full,nd,nd,nd,nd,-5.8,nd,5.0,0.1,g NH3 m-2 h-1,Micromet,Micromet,"JL changed temperatures to those from Table 3, matching seasonal emissions",Problem in relating climate and slurry to emission during seasons,
Grant and Boehm 2018,SGS,JL,Pig,,,,Slurry,USA,Spring,Tank,Walled,Concrete,Full,3.0,3.850,1.800,7.5,12.7,nd,4.0,0.5,g NH3 m-2 h-1,Micromet,Micromet,"JL changed temperatures to those from Table 3, matching seasonal emissions",Problem in relating climate and slurry to emission during seasons,
Grant and Boehm 2018,SGS,JL,Pig,,,,Slurry,USA,Summer,Tank,Walled,Concrete,Full,3.5,4.750,4.300,7.0,21.2,nd,4.0,1.0,g NH3 m-2 h-1,Micromet,Micromet,"JL changed temperatures to those from Table 3, matching seasonal emissions",Problem in relating climate and slurry to emission during seasons,
Grant and Boehm 2018,SGS,JL,Pig,,,,Slurry,USA,Autumn,Tank,Walled,Concrete,Full,nd,nd,nd,nd,11.3,nd,3.0,0.2,g NH3 m-2 h-1,Micromet,Micromet,JL inserted this row,,
Sommer 1997,SGS,JL,,,Anaerobic digestion,,Digestate,Denmark,Whole year,Tank,Walled,Concrete,Full,2.1,3.0,,8.0,10.0,nd,4.0,4.0,kg NH3 m-2 y-1,Micromet,Micromet mass-balance,JL corrected TAN and TN (were from covered); added factor 17/14,,
Baldé et al. 2018,SGS,JL,Cattle,Dairy,Anaerobic digestion,Separation,Liquid fraction,Canada,Whole year,Tank,Walled,,Full (2600 m^3),3.120,3.200,3.900,7.9,7.0,nd,,5.600,kg NH3 m-2 y-1,Micromet,Micromet. Annual a very average temp. Is assumed by SGSommer,JL corrected temperature to mean of annual range given in paper,,
Baldé et al. 2018,SGS,JL,Cattle,Dairy,Anaerobic digestion,,Digestate,Canada,Whole year,Lagoon,Lagoon,,Full,1.542,3.400,4.700,7.4,7.0,nd,,3.600,kg NH3 m-2 y-1,Micromet,Micromet. Annual a very average temp. Is assumed by SGSommer,JL corrected temperature to mean of annual range given in paper,,
Holly et al. 2017,SGS,JL,Dairy,Dairy,Anaerobic digestion,,Digestate,USA,Winter (In barn),Tank,,Plastic,Laboratory,1.5,2.3,5.1,7.7,nd,nd,,0.8,kg NH3 m-2 y-1,Static chamber,Static chamber with circulating air,"JL retrieved barrel area of 0.143 m^2 from headspace and barrel volume given in text, and slurry mass of 179 kg from Supplement, to obtain emission rate",,
Aneja et al. 2000,SGS,JL,Pig,,,,Slurry,USA,Summer,Lagoons,Lagoon,,Full,,0.648,,7.5,nd,30.0,,4017.0,ug NH3-N m-2 min-1 ,Dynamic chamber,Small dynamic chamber,,,
Aneja et al. 2000,SGS,JL,Pig,,,,Slurry,USA,Fall,Lagoons,Lagoon,,Full,,0.663,,8.0,nd,11.6,,844.0,ug NH3-N m-2 min-1 ,Dynamic chamber,Small dynamic chamber,,,
Aneja et al. 2000,SGS,JL,Pig,,,,Slurry,USA,Winter,Lagoons,Lagoon,,Full,,0.642,,7.8,nd,12.1,,305.0,ug NH3-N m-2 min-1 ,Dynamic chamber,Small dynamic chamber,,,
Aneja et al. 2000,SGS,JL,Pig,,,,Slurry,USA,Spring,Lagoons,Lagoon,,Full,,0.603,,7.7,nd,24.7,,1706.0,ug NH3-N m-2 min-1 ,Dynamic chamber,Small dynamic chamber,,,
Aneja et al 2001,SGS,JL,Pig,,,,Slurry,USA,Sept.,Lagoons,Lagoon,,Full,0.105,0.186,,7.8,nd,23.3,,80.1,ug NH3-N m-2 min-1 ,Dynamic chamber,Small dynamic chamber,,,
Aneja et al 2001,SGS,JL,Pig,,,,Slurry,USA,Oct.,Lagoons,Lagoon,,Full,0.042,0.087,,6.9,nd,20.1,,57.8,ug NH3-N m-2 min-1 ,Dynamic chamber,Small dynamic chamber,,,
Aneja et al 2001,SGS,JL,Pig,,,,Slurry,USA,Nov.,Lagoons,Lagoon,,Full,0.299,0.512,,7.4,nd,12.0,,40.7,ug NH3-N m-2 min-1 ,Dynamic chamber,Small dynamic chamber,,,
Aneja et al 2001,SGS,JL,Pig,,,,Slurry,USA,Nov.,Lagoons,Lagoon,,Full,0.350,0.569,,7.0,nd,12.5,,51.5,ug NH3-N m-2 min-1 ,Dynamic chamber,Small dynamic chamber,,,
Aneja et al 2001,SGS,JL,Pig,,,,Slurry,USA,Feb.,Lagoons,Lagoon,,Full,0.550,0.678,,7.3,nd,10.3,,120.3,ug NH3-N m-2 min-1 ,Dynamic chamber,Small dynamic chamber,,,
Aneja et al 2001,SGS,JL,Pig,,,,Slurry,USA,March,Lagoons,Lagoon,,Full,0.787,1.388,,6.8,nd,17.8,,107.6,ug NH3-N m-2 min-1 ,Dynamic chamber,Small dynamic chamber,,,
Todd et al. 2001,SGS,,Pig,,,,Slurry,USA,November,Lagoons,Lagoon,,Full,,,,,nd,nd,,1910,ug m-2 min-1,Micromet,"Micromet, tracer gas - Similar site as Aneja et al. 2000",,No information in article about slurry or climate,
Todd et al. 2001,SGS,,Pig,,,,Slurry,USA,May,Lagoons,Lagoon,,Full,,,,,nd,nd,,4775,ug m-2 min-1,Micromet,"Micromet, tracer gas - Similar site as Aneja et al. 2000",,No information in article about slurry or climate,
Harper et al. 2000,SGS,JL,Pig,,,,Slurry,USA,Summer,Lagoons,Lagoon,,Full,0.179,,,8,26.9,29.5,1.7,3.88,kg NH3 ha-1 d-1,Micromet,Flux-gradient,"JL corrected method, TAN, and some slurry temp values",,
Harper et al. 2000,SGS,JL,Pig,,,,Slurry,USA,Winter,Lagoons,Lagoon,,Full,0.209,,,7.7,14.8,15.4,1.6,2.35,kg NH3 ha-1 d-1,Micromet,Flux-gradient,,,
Harper et al. 2000,SGS,JL,Pig,,,,Slurry,USA,Spring,Lagoons,Lagoon,,Full,0.226,,,7.6,26.2,27.8,2.9,11.93,kg NH3 ha-1 d-1,Micromet,Flux-gradient,,,
Harper et al. 2000,SGS,JL,Pig,,,,Slurry,USA,Winter,Lagoons,Lagoon,,Full,0.186,,,7.4,10.0,10.3,4.7,1.56,kg NH3 ha-1 d-1,Micromet,Flux-gradient,,,
Harper et al. 2000,SGS,JL,Pig,,,,Slurry,USA,Spring,Lagoons,Lagoon,,Full,0.216,,,7.5,24.6,27.1,1.9,3.79,kg NH3 ha-1 d-1,Micromet,Flux-gradient,,,
Harper et al. 2000,SGS,JL,Pig,,,,Slurry,USA,Summer,Lagoons,Lagoon,,Full,0.185,,,7.7,25.8,29.5,11.3,48.88,kg NH3 ha-1 d-1,Micromet,Flux-gradient,,,
Zahn et al. 2001,SGS,,Pig,,,,Slurry,USA,August,Lagoons,Lagoon,,Full,0.917,0.968,0.598,8.1,nd,25.1,1.2,18.0,ng NH3 cm-2 sec-1,Micromet,"Micromet, pH measured in surface",,,
Zahn et al. 2001,SGS,,Pig,,,,Slurry,USA,Sept-Oct,Lagoons,Lagoon,,Full,0.934,0.962,0.604,8.2,nd,21.3,2.3,18.4,ng NH3 cm-2 sec-1,Micromet,"Micromet, pH measured in surface",,,
Zahn et al. 2001,SGS,,Pig,,,,Slurry,USA,Oct.,Lagoons,Lagoon,,Full,0.929,0.977,0.640,8.1,nd,20.6,2.9,18.4,ng NH3 cm-2 sec-1,Micromet,"Micromet, pH measured in surface",,,
Bicudo et al. 2004,SGS,,Pig,,,,Slurry,USA,May - June,Lagoons,Lagoon,,Full,1.700,2.100,1.450,7.7,23.5,nd,,104.0,ug NH3 m-2 s-1,Wind tunnel,Wind tunnel,,Crust during summer,
Bicudo et al. 2004,SGS,,Pig,,,,Slurry,USA,May - June,Lagoons,Lagoon,,Full,2.200,2.800,2.120,7.6,21.9,nd,,100.0,ug NH3 m-2 s-1,Wind tunnel,Wind tunnel,,Crust during summer,
Bicudo et al. 2004,SGS,,Pig,,,,Slurry,USA,May - June,Lagoons,Lagoon,,Full,2.600,3.100,1.850,7.6,21.4,nd,,97.0,ug NH3 m-2 s-1,Wind tunnel,Wind tunnel,,Crust during summer,
Harper et al. 2000,SGS,AP,Pig,,,,Slurry,USA,Summer,Lagoons,Lagoon,,Full,,,,8.0,26.9,29.5,1.7,3.9,kg NH3 ha-1 d-1,IHF,IHF,TKN given in the paper but cannot be related to specific emission campaigns,,
Harper et al. 2000,SGS,AP,Pig,,,,Slurry,USA,Winter,Lagoons,Lagoon,,Full,,,,7.7,14.8,15.4,1.6,2.4,kg NH3 ha-1 d-1,IHF,IHF,TKN given in the paper but cannot be related to specific emission campaigns,,
Harper et al. 2000,SGS,AP,Pig,,,,Slurry,USA,Spring,Lagoons,Lagoon,,Full,,,,7.6,26.2,27.8,2.9,11.9,kg NH3 ha-1 d-1,IHF,IHF,TKN given in the paper but cannot be related to specific emission campaigns,,
Harper et al. 2000,SGS,AP,Pig,,,,Slurry,USA,Winter,Lagoons,Lagoon,,Full,0.234,,,7.4,10.0,10.3,4.7,1.6,kg NH3 ha-1 d-1,IHF,IHF,TKN given in the paper but cannot be related to specific emission campaigns,,
Harper et al. 2000,SGS,AP,Pig,,,,Slurry,USA,Spring,Lagoons,Lagoon,,Full,0.254,,,7.5,24.6,27.1,1.9,3.8,kg NH3 ha-1 d-1,IHF,IHF,TKN given in the paper but cannot be related to specific emission campaigns,,
Harper et al. 2000,SGS,AP,Pig,,,,Slurry,USA,Summer,Lagoons,Lagoon,,Full,0.288,,,7.7,25.8,29.5,11.3,48.9,kg NH3 ha-1 d-1,IHF,IHF,TKN given in the paper but cannot be related to specific emission campaigns,,
Zahn et al. 2001,SGS,AP,Pig,,,,Slurry,USA,August,Lagoons,Lagoon,,Full,0.917,0.968,0.598,8.1,nd,25.1,1.2,18.0,ng NH3 cm-2 sec-1,Micromet,"Micromet, pH measured in surface",,,
Zahn et al. 2001,SGS,AP,Pig,,,,Slurry,USA,Sept-Oct,Lagoons,Lagoon,,Full,0.9,0.962,0.604,8.2,nd,21.3,2.3,18.4,ng NH3 cm-2 sec-1,Micromet,"Micromet, pH measured in surface",,,
Zahn et al. 2001,SGS,AP,Pig,,,,Slurry,USA,Oct.,Lagoons,Lagoon,,Full,0.9,0.977,0.640,8.1,nd,20.6,2.9,18.4,ng NH3 cm-2 sec-1,Micromet,"Micromet, pH measured in surface",,,
Bicudo et al. 2004,SGS,AP,Pig,,,,Slurry,USA,May - June,Lagoons,Lagoon,,Full,1.7,2.1,1.45,7.7,23.5,nd,,104.0,ug NH3 m-2 s-1,Wind tunnel,Wind tunnel,,Crust during summer,
Bicudo et al. 2004,SGS,AP,Pig,,,,Slurry,USA,May - June,Lagoons,Lagoon,,Full,2.2,2.8,2.12,7.6,21.9,nd,,100.0,ug NH3 m-2 s-1,Wind tunnel,Wind tunnel,,Crust during summer,
Bicudo et al. 2004,SGS,AP,Pig,,,,Slurry,USA,May - June,Lagoons,Lagoon,,Full,2.6,3.1,1.85,7.6,21.4,nd,,97,ug NH3 m-2 s-1,Wind tunnel,Wind tunnel,,Crust during summer,
Harper et al. 2004,SGS,AP,Pig,farrow-to-finish,,,Slurry,USA,Annual,Lagoons,Lagoon,,Full,0.637,,,8,nd,18.8,2.4,15,kg NH3-N ha-1 d-1,Micromet,Micromet,should we not include the whole table 1,I replaced average emissions values by values from Tab 3,
Harper et al. 2004,SGS,AP,Pig,farrow-to-wean,,,Slurry,USA,Annual,Lagoons,Lagoon,,Full,0.201,,,8,nd,12.9,3,8.9,kg NH3-N ha-1 d-1,Micromet,Micromet,should we not include the whole table 1,I replaced average emissions values by values from Tab 3,
Grant et al. 2013a,SGS,AP,Pig,Finishing,anaerobic treatment,,Slurry,USA,Annual,Lagoons,Lagoon,,Full,0.494,0.568,,8.17,nd,nd,,2.2,g NH3 m-2 d-1,Micromet,Micromet,,,
Grant et al. 2013a,SGS,AP,Pig,Sow,anaerobic treatment,,Slurry,USA,Annual,Lagoons,Lagoon,,Full,0.3,0.438,,8.3,nd,nd,,8.4,g NH3 m-2 d-1,Micromet,Micromet,,,
Flesch et al. 2009,SGS,AP,Cattle,Dairy,Parlor wash,,Slurry,USA,Summer,Lagoons,Lagoon,,Full,,,,,17.5,nd,,3.5,g NH3 m-2 d-1,Micromet,Micromet,,,
Flesch et al. 2009,SGS,AP,Cattle,Dairy,manure,,Slurry,USA,Summer,Lagoons,Lagoon,,Full,,,,,19.7,nd,,8.7,g NH3 m-2 d-1,Micromet,Micromet,,,
Flesch et al. 2009,SGS,AP,Cattle,Dairy,Manure and wash,,Slurry,USA,Summer,Lagoons,Lagoon,,Full,,,,,22,nd,,7.7,g NH3 m-2 d-1,Micromet,Micromet,,,
Flesch et al. 2009,SGS,AP,Cattle,Dairy,Manure and wash,,Slurry,USA,Summer,Lagoons,Lagoon,,Full,,,,,20.2,nd,,6.1,g NH3 m-2 d-1,Micromet,Micromet,,,
Flesch et al. 2009,SGS,AP,Cattle,Dairy,Parlor wash,,Slurry,USA,Fall,Lagoons,Lagoon,,Full,,,,,3.4,nd,,2.3,g NH3 m-2 d-1,Micromet,Micromet,,,
Flesch et al. 2009,SGS,AP,Cattle,Dairy,Manure,,Slurry,USA,Fall,Lagoons,Lagoon,,Full,,,,,3.2,nd,,4.4,g NH3 m-2 d-1,Micromet,Micromet,,,
Flesch et al. 2009,SGS,AP,Cattle,Dairy,Manure and wash,,Slurry,USA,Fall,Lagoons,Lagoon,,Full,,,,,15.2,nd,,6.7,g NH3 m-2 d-1,Micromet,Micromet,,,
Flesch et al. 2009,SGS,AP,Cattle,Dairy,,,Slurry,Canada,Summer,Lagoons,Lagoon,,Full,0.831,,,,nd,22.3,4,5.1,g NH3 m-2 d-1,Micromet,Micromet,,,
Bjoerneberg et al. 2009,SGS,AP,Cattle,Dairy,,,Slurry,USA,January,Lagoons,Lagoon,,Full,,,,,4,nd,1.41,3,kg NH3 ha-1 d-1,Micromet,Micromet,"old file with pen emissions, now replaced by values for ponds!",,
Bjoerneberg et al. 2009,SGS,AP,Cattle,Dairy,,,Slurry,USA,March,Lagoons,Lagoon,,Full,,,,,6.5,nd,1.55,5,kg NH3 ha-1 d-1,Micromet,Micromet,"old file with pen emissions, now replaced by values for ponds!",,
Bjoerneberg et al. 2009,SGS,AP,Cattle,Dairy,,,Slurry,USA,June,Lagoons,Lagoon,,Full,,,,,22,nd,2.28,20,kg NH3 ha-1 d-1,Micromet,Micromet,"old file with pen emissions, now replaced by values for ponds!",,
Bjoerneberg et al. 2009,SGS,AP,Cattle,Dairy,,,Slurry,USA,September,Lagoons,Lagoon,,Full,,,,,12,nd,1.2,9,kg NH3 ha-1 d-1,Micromet,Micromet,"old file with pen emissions, now replaced by values for ponds!",,
Leytem et al. 2011,SGS,AP,Cattle,Dairy,waste water pond,,Slurry,USA,Annual,Lagoons,Lagoon,,Full,,,,,nd,nd,,2,g NH3 m-2 d-1,Micromet,Micromet,,,
Leytem et al. 2018,SGS,AP,Cattle,Dairy,dry lot,,Slurry,USA,sept - june,Lagoons,Lagoon,,Full,0.1,0.3,,7.7,7.9,16,4.3,16.0,kg NH3 ha-1 d-1,Micromet,Micromet,,,
Leytem et al. 2018,SGS,AP,Cattle,Dairy,dry lot,,Slurry,USA,dec-june,Lagoons,Lagoon,,Full,0.151,0.451,,7.9,14.2,16,5.3,18.0,kg NH3 ha-1 d-1,Micromet,Micromet,,,
Leytem et al. 2018,SGS,AP,Cattle,Dairy,dry lot,,Slurry,USA,june-may,Lagoons,Lagoon,,Full,0.1,0.142,,8.2,18.3,15,4,12.0,kg NH3 ha-1 d-1,Micromet,Micromet,,,
Leytem et al. 2018,SGS,AP,Cattle,Dairy,freestall,,Slurry,USA,may-may,Lagoons,Lagoon,,Full,0.6,0.756,,7.9,16,17,4.3,43.0,kg NH3 ha-1 d-1,Micromet,Micromet,,,
Leytem et al. 2018,SGS,AP,Cattle,Dairy,dry lot,,Slurry,USA,July-Nov,Lagoons,Lagoon,,Full,0.1,0.266,,8.3,15.7,16,4.3,24.0,kg NH3 ha-1 d-1,Micromet,Micromet,,,
Leytem et al. 2018,SGS,AP,Cattle,Dairy,dry lot,,Slurry,USA,Nov-Nov,Lagoons,Lagoon,,Full,0.2,0.378,,8.2,14.5,15,3.6,26.0,kg NH3 ha-1 d-1,Micromet,Micromet,,,
Sommer et al. 1996,SGS,AL,Ammonium-Bicarbonate solution,,Exp 1,,NH4HCO3 solution,,,Tank,,,Pilot,6.3,,0,9.06,2.9,,8.2,132.0,g NH3-N m-2 d-1,Micromet,,,,
Sommer et al. 1996,SGS,AL,Ammonium-Bicarbonate solution,,Exp 2,,NH4HCO3 solution,,,Tank,,,Pilot,,,,8.98,2.1,,6.9,98.4,g NH3-N m-2 d-1,Micromet,,,,
Sommer et al. 1996,SGS,AL,Ammonium-Bicarbonate solution,,Exp 3,,NH4HCO3 solution,,,Tank,,,Pilot,,,,8.9,3.2,,5.5,46.0,g NH3-N m-2 d-1,Micromet,,,,
Sommer et al. 1996,SGS,AL,Ammonium-Bicarbonate solution,,Exp 4,,NH4HCO3 solution,,,Tank,,,Pilot,,,,8.79,1.9,,3.5,39.4,g NH3-N m-2 d-1,Micromet,,,,
Sommer et al. 1996,SGS,AL,Ammonium-Bicarbonate solution,,Exp 5,,NH4HCO3 solution,,,Tank,,,Pilot,4.11,,,8.72,0.3,,2.8,23.0,g NH3-N m-2 d-1,Micromet,,,,
Sommer et al. 1996,SGS,AL,Ammonium-Bicarbonate solution,,Exp 6,,NH4HCO3 solution,,,Tank,,,Pilot,4.37,,,8.93,11.4,,7.8,64.4,g NH3-N m-2 d-1,Micromet,,,,
Sommer et al. 1996,SGS,AL,Ammonium-Bicarbonate solution,,Exp 7,,NH4HCO3 solution,,,Tank,,,Pilot,3.62,,,8.76,12,,9.4,94.0,g NH3-N m-2 d-1,Micromet,,,,
Sommer et al. 1996,SGS,AL,Ammonium-Bicarbonate solution,,Exp 8,,NH4HCO3 solution,,,Tank,,,Pilot,2.89,,,8.63,12.2,,7,66.0,g NH3-N m-2 d-1,Micromet,,,,
Sommer et al. 1996,SGS,AL,Ammonium-Bicarbonate solution,,Exp 9,,NH4HCO3 solution,,,Tank,,,Pilot,2.5,,,8.59,13.9,,5.6,22.0,g NH3-N m-2 d-1,Micromet,,,,
Sommer et al. 1996,SGS,AL,Ammonium-Bicarbonate solution,,Exp 10,,NH4HCO3 solution,,,Tank,,,Pilot,2.1,,,8.89,11.4,,3.5,20.7,g NH3-N m-2 d-1,Micromet,,,,
Sommer et al. 1996,SGS,AL,Ammonium-Bicarbonate solution,,Exp 11,,NH4HCO3 solution,,,Tank,,,Pilot,0.38,,,8.89,10.8,,2.8,9.9,g NH3-N m-2 d-1,Micromet,,,,
Sommer et al. 1996,SGS,AL,Ammonium-Bicarbonate solution,,Exp 12,Problematic data,NH4HCO3 solution,,,Tank,,,Pilot,0.61,,,8.54,9.5,,4.3,1.5,g NH3-N m-2 d-1,Micromet,,,,
Sommer et al. 1996,SGS,AL,Cattle slurry,,Exp 13,,Slurry,,,Tank,,,Full,1.8,,,7.6,6.7,,2.7,4.2,g NH3-N m-2 d-1,Micromet,,,,
Sommer et al. 1996,SGS,AL,Cattle slurry,,Exp 14,,Slurry,,,Tank,,,Full,1.85,,,7.6,8.9,,3.8,4.0,g NH3-N m-2 d-1,Micromet,,,,
Sommer et al. 1996,SGS,AL,Cattle slurry,,Exp 15,,Slurry,,,Tank,,,Full,2.38,,,7.4,3.6,,4.8,0.33,g NH3-N m-2 d-1,Micromet,,,,
Sommer et al. 1996,SGS,AL,Cattle slurry,,Exp 16,,Slurry,,,Tank,,,Full,1.92,,,7.31,5.2,,3.1,1.79,g NH3-N m-2 d-1,Micromet,,,,
Sommer et al. 1996,SGS,AL,Cattle slurry,,Exp 17,,Slurry,,,Tank,,,Full,2.06,,,7.25,4.1,,4.6,0.46,g NH3-N m-2 d-1,Micromet,,,,
Sommer et al. 1996,SGS,AL,Cattle slurry,,Exp 18,,Slurry,,,Tank,,,Full,2.2,,,7.2,5.2,,8.7,1.13,g NH3-N m-2 d-1,Micromet,,,,
Sommer et al. 1996,SGS,AL,Cattle slurry,,Exp 19,,Slurry,,,Tank,,,Full,1.64,,,7.47,3.8,,8,2.6,g NH3-N m-2 d-1,Micromet,,,,
Sommer et al. 1996,SGS,AL,Cattle slurry,,Exp 20,,Slurry,,,Tank,,,Full,1.84,,,7.68,3.4,,3.1,2,g NH3-N m-2 d-1,Micromet,,,,